encoder,kind,mode,budget,native_frames,native_dimension,native_frames_per_final_position,bpe_positions_per_final_position,final_payload_bytes,digit_accuracy,digit_seed_sd,all6_accuracy,all6_seed_sd
fire,mix_pre,B0,16,190,1280,11.875,0.6875,8192,0.8593207465277778,0.010649723053224787,0.55078125,0.04078244730043184
fire,mix_pre,B1,16,190,1280,11.875,0.6875,8192,0.884006076388889,0.006750797721704933,0.6207682291666666,0.007893460711576915
fire,mix_pre,B2,16,190,1280,11.875,0.6875,8192,0.9129231770833334,0.021064115830198234,0.7067057291666666,0.06372647119287725
fire,mix_pre,B0,8,190,1280,23.75,1.375,4096,0.8684895833333334,0.009281625930588054,0.5849609375,0.041581384484460485
fire,mix_pre,B1,8,190,1280,23.75,1.375,4096,0.8805338541666666,0.0038892588363764837,0.615234375,0.010563138502335907
fire,mix_pre,B2,8,190,1280,23.75,1.375,4096,0.9376085069444445,0.02007591075922383,0.7776692708333334,0.06192001811524224
fire,mix_pre,B0,4,190,1280,47.5,2.75,2048,0.8379991319444443,0.04408985119721413,0.4619140625,0.18972475694657642
fire,mix_pre,B1,4,190,1280,47.5,2.75,2048,0.8917100694444445,0.01035715694388255,0.6474609375,0.009618025197066508
fire,mix_pre,B2,4,190,1280,47.5,2.75,2048,0.8927951388888888,0.010112561979987117,0.6468098958333334,0.014659284178642842
qwen,mix_post,B0,16,49,2048,3.0625,0.6875,8192,0.804904513888889,0.0024486293611972036,0.4736328125,0.0068359375
qwen,mix_post,B1,16,49,2048,3.0625,0.6875,8192,0.9776475694444445,0.001143191596446714,0.9010416666666666,0.005722134059650698
qwen,mix_post,B2,16,49,2048,3.0625,0.6875,8192,0.9787326388888888,0.002149012838578341,0.9039713541666666,0.004510548978043951
qwen,mix_post,B0,8,49,2048,6.125,1.375,4096,0.8009982638888888,0.004546622245126619,0.4518229166666667,0.014095465556387347
qwen,mix_post,B1,8,49,2048,6.125,1.375,4096,0.9267578125,0.07627214315221091,0.7770182291666666,0.17826300734704176
qwen,mix_post,B2,8,49,2048,6.125,1.375,4096,0.9756944444444445,0.00728311188237731,0.8932291666666666,0.024942204107409535
qwen,mix_post,B0,4,49,2048,12.25,2.75,2048,0.7186957465277778,0.030432426051190033,0.11588541666666667,0.09427917331173971
qwen,mix_post,B1,4,49,2048,12.25,2.75,2048,0.9109700520833334,0.1063296499461403,0.6884765625,0.34688594216623797
qwen,mix_post,B2,4,49,2048,12.25,2.75,2048,0.9721137152777778,0.005801063775231074,0.8854166666666666,0.012745294238575452
wavlm,mix_post,B0,16,189,768,11.8125,0.6875,8192,0.6818033854166666,0.0011736820558151109,0.020833333333333332,0.009230108645024625
wavlm,mix_post,B1,16,189,768,11.8125,0.6875,8192,0.6893446180555557,0.012645482356762541,0.1201171875,0.09474166277839768
wavlm,mix_post,B2,16,189,768,11.8125,0.6875,8192,0.7188585069444445,0.020109530860445927,0.2255859375,0.019506820659607595
wavlm,mix_post,B0,8,189,768,23.625,1.375,4096,0.6799045138888888,0.002149012838578341,0.0244140625,0.01613546058775225
wavlm,mix_post,B1,8,189,768,23.625,1.375,4096,0.6846788194444445,0.007301275794240337,0.11263020833333333,0.0813150781041458
wavlm,mix_post,B2,8,189,768,23.625,1.375,4096,0.6963433159722222,0.028007248268294475,0.08561197916666667,0.12122493733940515
wavlm,mix_post,B0,4,189,768,47.25,2.75,2048,0.6803385416666666,0.003569614615797745,0.016276041666666668,0.003946730355788458
wavlm,mix_post,B1,4,189,768,47.25,2.75,2048,0.6844618055555555,0.006181325495430676,0.0703125,0.08626977666155382
wavlm,mix_post,B2,4,189,768,47.25,2.75,2048,0.69580078125,0.025934124462674808,0.11751302083333333,0.1005827770539087
encodec,mix_post,B0,16,285,128,17.8125,0.6875,8192,0.5614149305555555,0.010777066822351924,0.005533854166666667,0.000563818622255494
encodec,mix_post,B1,16,285,128,17.8125,0.6875,8192,0.6099717881944444,0.011427280464121834,0.0087890625,0.0
encodec,mix_post,B2,16,285,128,17.8125,0.6875,8192,0.6065538194444445,0.016823738427131227,0.006184895833333333,0.001127637244510988
encodec,mix_post,B0,8,285,128,35.625,1.375,4096,0.6075846354166666,0.005722134059650698,0.005859375,0.0
encodec,mix_post,B1,8,285,128,35.625,1.375,4096,0.6128472222222223,0.016939859377901906,0.009765625,0.00390625
encodec,mix_post,B2,8,285,128,35.625,1.375,4096,0.5939127604166666,0.014545901260355808,0.008138020833333334,0.0005638186222554939
encodec,mix_post,B0,4,285,128,71.25,2.75,2048,0.5880533854166666,0.009222930707361437,0.007486979166666667,0.0024576283968980304
encodec,mix_post,B1,4,285,128,71.25,2.75,2048,0.5813259548611112,0.018530638578593623,0.007486979166666667,0.000563818622255494
encodec,mix_post,B2,4,285,128,71.25,2.75,2048,0.6102430555555556,0.011041747918619733,0.009440104166666666,0.0014917238590351043
speech,mix_post,B0,16,190,1024,11.875,0.6875,8192,0.65771484375,0.007064627087959215,0.013997395833333334,0.003429574789340084
speech,mix_post,B1,16,190,1024,11.875,0.6875,8192,0.6673177083333334,0.004513484578080092,0.035807291666666664,0.01581709715267753
speech,mix_post,B2,16,190,1024,11.875,0.6875,8192,0.6642795138888888,0.002371689778037571,0.0166015625,0.01019561182510796
speech,mix_post,B0,8,190,1024,23.75,1.375,4096,0.6598307291666666,0.011354799398821589,0.014322916666666666,0.0024576283968980304
speech,mix_post,B1,8,190,1024,23.75,1.375,4096,0.6629774305555557,0.002848694790109627,0.017252604166666668,0.0029834477180702085
speech,mix_post,B2,8,190,1024,23.75,1.375,4096,0.6612955729166666,0.008019977210126915,0.036458333333333336,0.01869124638015051
speech,mix_post,B0,4,190,1024,47.5,2.75,2048,0.658962673611111,0.011750730980274505,0.025390625,0.014778072217208551
speech,mix_post,B1,4,190,1024,47.5,2.75,2048,0.6575520833333334,0.0025423989830425,0.018229166666666668,0.007198354292804681
speech,mix_post,B2,4,190,1024,47.5,2.75,2048,0.6647677951388888,0.004319544118785402,0.013346354166666666,0.003946730355788458
encodec_low,mix_post,B0,8,285,128,35.625,1.375,4096,0.5751410590277778,0.01701164317285587,0.005208333333333333,0.000563818622255494
encodec_low,mix_post,B2,8,285,128,35.625,1.375,4096,0.5709635416666666,0.006841747902663966,0.004557291666666667,0.003139209232094061
speech_low,mix_post,B0,8,190,1024,23.75,1.375,4096,0.6378580729166666,0.0056311340794291,0.0146484375,0.0016914558667664816
speech_low,mix_post,B2,8,190,1024,23.75,1.375,4096,0.6564670138888888,0.0069746842548220655,0.010091145833333334,0.0005638186222554939
controls,mel20,B0,16,76,80,4.75,0.6875,8192,0.5599500868055555,0.022776186610938144,0.005208333333333333,0.001491723859035104
controls,mel20,B0,8,76,80,9.5,1.375,4096,0.5588107638888888,0.008068277536901567,0.005533854166666667,0.0029834477180702085
controls,mel20,B0,4,76,80,19.0,2.75,2048,0.5539822048611112,0.008270941395431315,0.005208333333333333,0.001491723859035104
controls,dmel20,B0,16,76,80,4.75,0.6875,8192,0.540310329861111,0.0006577883926313882,0.005533854166666667,0.000563818622255494
controls,dmel20,B0,8,76,80,9.5,1.375,4096,0.5454644097222222,0.0018293961914157139,0.004557291666666667,0.002032876952603645
controls,dmel20,B0,4,76,80,19.0,2.75,2048,0.5444878472222223,0.007403959248798582,0.007161458333333333,0.002032876952603645
controls,mel40,B0,16,152,80,9.5,0.6875,8192,0.54248046875,0.003251136776601266,0.00390625,0.0009765625
controls,mel40,B0,8,152,80,19.0,1.375,4096,0.5361870659722222,0.0022805826342213106,0.004231770833333333,0.001491723859035104
controls,mel40,B0,4,152,80,38.0,2.75,2048,0.54443359375,0.019051313609624893,0.005208333333333333,0.001491723859035104
controls,dmel40,B0,16,152,80,9.5,0.6875,8192,0.5655381944444444,0.02058538603575173,0.007486979166666667,0.0034295747893400845
controls,dmel40,B0,8,152,80,19.0,1.375,4096,0.5361870659722222,0.026412527193907746,0.0035807291666666665,0.000563818622255494
controls,dmel40,B0,4,152,80,38.0,2.75,2048,0.5387912326388888,0.00882865871640317,0.0035807291666666665,0.000563818622255494
wavlm_mid,mix_pre,B0,16,189,768,11.8125,0.6875,8192,0.7025282118055555,0.002894818049469198,0.16048177083333334,0.07554538371610672
wavlm_mid,mix_pre,B1,16,189,768,11.8125,0.6875,8192,0.7281358506944445,0.011680635234023226,0.24772135416666666,0.0390177152127489
wavlm_mid,mix_pre,B2,16,189,768,11.8125,0.6875,8192,0.7365993923611112,0.025727646371367673,0.2682291666666667,0.04614020985710351
wavlm_mid,mix_pre,B0,8,189,768,23.625,1.375,4096,0.693088107638889,0.0057529149921056915,0.11165364583333333,0.07748968568482228
wavlm_mid,mix_pre,B1,8,189,768,23.625,1.375,4096,0.7291666666666666,0.030605450746289852,0.22819010416666666,0.06703753627890163
wavlm_mid,mix_pre,B2,8,189,768,23.625,1.375,4096,0.7759331597222223,0.08694778658043147,0.3518880208333333,0.16937753297758124
wavlm_mid,mix_pre,B0,4,189,768,47.25,2.75,2048,0.7004665798611112,0.013587651872271901,0.13020833333333334,0.09696205083728178
wavlm_mid,mix_pre,B1,4,189,768,47.25,2.75,2048,0.7310112847222222,0.008839154450701518,0.234375,0.0300838316420886
wavlm_mid,mix_pre,B2,4,189,768,47.25,2.75,2048,0.8083767361111112,0.08001215559834148,0.4020182291666667,0.16122550995238796
